{
  "color": {
    "black": { "value": "rgba(0, 0, 0, 1)" },
    "midnight": { "value": "rgba(17, 17, 17, 1)" },
    "jet": { "value": "rgba(34, 34, 34, 1)" },
    "coal": { "value": "rgba(51, 51, 51, 1)" },
    "nickel": { "value": "rgba(85, 85, 85, 1)" },
    "silver": { "value": "rgba(204, 204, 204, 1)" },
    "smoke": { "value": "rgba(235, 235, 235, 1)" },
    "snow": { "value": "rgba(244, 244, 244, 1)" },
    "white": { "value": "rgba(255, 255, 255, 1)" },

    "light-blue": { "value": "rgba(102, 199, 255, 1)" },
    "blue":	{ "value": "rgba(2, 116, 182, 1)" },
    "dark-blue": { "value": "rgba(1, 84, 131, 1)" },

    "light-red": { "value": "rgba(255, 133, 133, 1)" },
    "red": { "value": "rgba(225, 0, 0, 1)" },
    "dark-red": { "value": "rgba(186, 0, 0, 1)" },

    "light-green": { "value": "rgba(115, 239, 105, 1)" },
    "green": { "value": "rgba(10, 130, 0, 1)" },
    "dark-green": { "value": "rgba(6, 79, 0, 1)" },

    "light-gold": { "value": "rgba(158, 133, 94, 1)" },
    "gold": { "value": "rgba(129, 109, 77, 1)" },
    "dark-gold": { "value": "rgba(105, 88, 62, 1)" },
    "itp-gold": { "value": "rgba(235, 231, 223, 1)" },

    "light-yellow": { "value": "rgba(255, 236, 177, 1)" },
    "yellow": { "value": "rgba(255, 207, 61, 1)" },
    "dark-yellow": { "value": "rgba(91, 61, 47, 1)" },

    "black-opac-0": { "value": "rgba(0, 0, 0, 0)" },
    "black-opac-10": { "value": "rgba(0, 0, 0, 0.1)" },
    "black-opac-04": { "value": "rgba(0, 0, 0, 0.04)" },
    "black-opac-50": { "value": "rgba(0, 0, 0, 0.5)" },
    "black-opac-70": { "value": "rgba(0, 0, 0, 0.7)" },
    "black-opac-90": { "value": "rgba(0, 0, 0, 0.9)" },
    "white-opac-12": { "value": "rgba(255, 255, 255, 0.12)" },
    "white-opac-25": { "value": "rgba(255, 255, 255, 0.25)" },
    "white-opac-50": { "value": "rgba(255, 255, 255, 0.5)" },
    "white-opac-80": { "value": "rgba(255, 255, 255, 0.8)" },
    "blue-opac-10": { "value": "rgba(2, 116, 182, 0.1)" }
  }
}
